--
-- PostgreSQL database dump
--

-- Dumped from database version 14.17
-- Dumped by pg_dump version 14.17

SET statement_timeout = 0;
SET lock_timeout = 0;
SET idle_in_transaction_session_timeout = 0;
SET client_encoding = 'UTF8';
SET standard_conforming_strings = on;
SELECT pg_catalog.set_config('search_path', '', false);
SET check_function_bodies = false;
SET xmloption = content;
SET client_min_messages = warning;
SET row_security = off;

SET default_tablespace = '';

SET default_table_access_method = heap;

--
-- Name: auth_group; Type: TABLE; Schema: public; Owner: postgres
--

CREATE TABLE public.auth_group (
    id integer NOT NULL,
    name character varying(150) NOT NULL
);


ALTER TABLE public.auth_group OWNER TO postgres;

--
-- Name: auth_group_id_seq; Type: SEQUENCE; Schema: public; Owner: postgres
--

ALTER TABLE public.auth_group ALTER COLUMN id ADD GENERATED BY DEFAULT AS IDENTITY (
    SEQUENCE NAME public.auth_group_id_seq
    START WITH 1
    INCREMENT BY 1
    NO MINVALUE
    NO MAXVALUE
    CACHE 1
);


--
-- Name: auth_group_permissions; Type: TABLE; Schema: public; Owner: postgres
--

CREATE TABLE public.auth_group_permissions (
    id bigint NOT NULL,
    group_id integer NOT NULL,
    permission_id integer NOT NULL
);


ALTER TABLE public.auth_group_permissions OWNER TO postgres;

--
-- Name: auth_group_permissions_id_seq; Type: SEQUENCE; Schema: public; Owner: postgres
--

ALTER TABLE public.auth_group_permissions ALTER COLUMN id ADD GENERATED BY DEFAULT AS IDENTITY (
    SEQUENCE NAME public.auth_group_permissions_id_seq
    START WITH 1
    INCREMENT BY 1
    NO MINVALUE
    NO MAXVALUE
    CACHE 1
);


--
-- Name: auth_permission; Type: TABLE; Schema: public; Owner: postgres
--

CREATE TABLE public.auth_permission (
    id integer NOT NULL,
    name character varying(255) NOT NULL,
    content_type_id integer NOT NULL,
    codename character varying(100) NOT NULL
);


ALTER TABLE public.auth_permission OWNER TO postgres;

--
-- Name: auth_permission_id_seq; Type: SEQUENCE; Schema: public; Owner: postgres
--

ALTER TABLE public.auth_permission ALTER COLUMN id ADD GENERATED BY DEFAULT AS IDENTITY (
    SEQUENCE NAME public.auth_permission_id_seq
    START WITH 1
    INCREMENT BY 1
    NO MINVALUE
    NO MAXVALUE
    CACHE 1
);


--
-- Name: auth_user; Type: TABLE; Schema: public; Owner: postgres
--

CREATE TABLE public.auth_user (
    id integer NOT NULL,
    password character varying(128) NOT NULL,
    last_login timestamp with time zone,
    is_superuser boolean NOT NULL,
    username character varying(150) NOT NULL,
    first_name character varying(150) NOT NULL,
    last_name character varying(150) NOT NULL,
    email character varying(254) NOT NULL,
    is_staff boolean NOT NULL,
    is_active boolean NOT NULL,
    date_joined timestamp with time zone NOT NULL
);


ALTER TABLE public.auth_user OWNER TO postgres;

--
-- Name: auth_user_groups; Type: TABLE; Schema: public; Owner: postgres
--

CREATE TABLE public.auth_user_groups (
    id bigint NOT NULL,
    user_id integer NOT NULL,
    group_id integer NOT NULL
);


ALTER TABLE public.auth_user_groups OWNER TO postgres;

--
-- Name: auth_user_groups_id_seq; Type: SEQUENCE; Schema: public; Owner: postgres
--

ALTER TABLE public.auth_user_groups ALTER COLUMN id ADD GENERATED BY DEFAULT AS IDENTITY (
    SEQUENCE NAME public.auth_user_groups_id_seq
    START WITH 1
    INCREMENT BY 1
    NO MINVALUE
    NO MAXVALUE
    CACHE 1
);


--
-- Name: auth_user_id_seq; Type: SEQUENCE; Schema: public; Owner: postgres
--

ALTER TABLE public.auth_user ALTER COLUMN id ADD GENERATED BY DEFAULT AS IDENTITY (
    SEQUENCE NAME public.auth_user_id_seq
    START WITH 1
    INCREMENT BY 1
    NO MINVALUE
    NO MAXVALUE
    CACHE 1
);


--
-- Name: auth_user_user_permissions; Type: TABLE; Schema: public; Owner: postgres
--

CREATE TABLE public.auth_user_user_permissions (
    id bigint NOT NULL,
    user_id integer NOT NULL,
    permission_id integer NOT NULL
);


ALTER TABLE public.auth_user_user_permissions OWNER TO postgres;

--
-- Name: auth_user_user_permissions_id_seq; Type: SEQUENCE; Schema: public; Owner: postgres
--

ALTER TABLE public.auth_user_user_permissions ALTER COLUMN id ADD GENERATED BY DEFAULT AS IDENTITY (
    SEQUENCE NAME public.auth_user_user_permissions_id_seq
    START WITH 1
    INCREMENT BY 1
    NO MINVALUE
    NO MAXVALUE
    CACHE 1
);


--
-- Name: core_client; Type: TABLE; Schema: public; Owner: postgres
--

CREATE TABLE public.core_client (
    id bigint NOT NULL,
    created_at timestamp with time zone NOT NULL,
    user_id integer NOT NULL
);


ALTER TABLE public.core_client OWNER TO postgres;

--
-- Name: core_client_id_seq; Type: SEQUENCE; Schema: public; Owner: postgres
--

ALTER TABLE public.core_client ALTER COLUMN id ADD GENERATED BY DEFAULT AS IDENTITY (
    SEQUENCE NAME public.core_client_id_seq
    START WITH 1
    INCREMENT BY 1
    NO MINVALUE
    NO MAXVALUE
    CACHE 1
);


--
-- Name: core_datapoint; Type: TABLE; Schema: public; Owner: postgres
--

CREATE TABLE public.core_datapoint (
    id bigint NOT NULL,
    label character varying(35) NOT NULL,
    created_at timestamp with time zone NOT NULL
);


ALTER TABLE public.core_datapoint OWNER TO postgres;

--
-- Name: core_datapoint_id_seq; Type: SEQUENCE; Schema: public; Owner: postgres
--

ALTER TABLE public.core_datapoint ALTER COLUMN id ADD GENERATED BY DEFAULT AS IDENTITY (
    SEQUENCE NAME public.core_datapoint_id_seq
    START WITH 1
    INCREMENT BY 1
    NO MINVALUE
    NO MAXVALUE
    CACHE 1
);


--
-- Name: core_person; Type: TABLE; Schema: public; Owner: postgres
--

CREATE TABLE public.core_person (
    id bigint NOT NULL,
    first_name character varying(50) NOT NULL,
    last_name character varying(50) NOT NULL,
    created_at timestamp with time zone NOT NULL
);


ALTER TABLE public.core_person OWNER TO postgres;

--
-- Name: core_person_id_seq; Type: SEQUENCE; Schema: public; Owner: postgres
--

ALTER TABLE public.core_person ALTER COLUMN id ADD GENERATED BY DEFAULT AS IDENTITY (
    SEQUENCE NAME public.core_person_id_seq
    START WITH 1
    INCREMENT BY 1
    NO MINVALUE
    NO MAXVALUE
    CACHE 1
);


--
-- Name: core_project; Type: TABLE; Schema: public; Owner: postgres
--

CREATE TABLE public.core_project (
    id bigint NOT NULL,
    label character varying(35) NOT NULL,
    created_at timestamp with time zone NOT NULL,
    client_id bigint NOT NULL
);


ALTER TABLE public.core_project OWNER TO postgres;

--
-- Name: core_project_id_seq; Type: SEQUENCE; Schema: public; Owner: postgres
--

ALTER TABLE public.core_project ALTER COLUMN id ADD GENERATED BY DEFAULT AS IDENTITY (
    SEQUENCE NAME public.core_project_id_seq
    START WITH 1
    INCREMENT BY 1
    NO MINVALUE
    NO MAXVALUE
    CACHE 1
);


--
-- Name: core_projectobject; Type: TABLE; Schema: public; Owner: postgres
--

CREATE TABLE public.core_projectobject (
    id bigint NOT NULL,
    label character varying(70) NOT NULL,
    created_at timestamp with time zone NOT NULL,
    project_id bigint NOT NULL
);


ALTER TABLE public.core_projectobject OWNER TO postgres;

--
-- Name: core_projectobject_data_points; Type: TABLE; Schema: public; Owner: postgres
--

CREATE TABLE public.core_projectobject_data_points (
    id bigint NOT NULL,
    projectobject_id bigint NOT NULL,
    datapoint_id bigint NOT NULL
);


ALTER TABLE public.core_projectobject_data_points OWNER TO postgres;

--
-- Name: core_projectobject_data_points_id_seq; Type: SEQUENCE; Schema: public; Owner: postgres
--

ALTER TABLE public.core_projectobject_data_points ALTER COLUMN id ADD GENERATED BY DEFAULT AS IDENTITY (
    SEQUENCE NAME public.core_projectobject_data_points_id_seq
    START WITH 1
    INCREMENT BY 1
    NO MINVALUE
    NO MAXVALUE
    CACHE 1
);


--
-- Name: core_projectobject_id_seq; Type: SEQUENCE; Schema: public; Owner: postgres
--

ALTER TABLE public.core_projectobject ALTER COLUMN id ADD GENERATED BY DEFAULT AS IDENTITY (
    SEQUENCE NAME public.core_projectobject_id_seq
    START WITH 1
    INCREMENT BY 1
    NO MINVALUE
    NO MAXVALUE
    CACHE 1
);


--
-- Name: core_projectobject_responsible_persons; Type: TABLE; Schema: public; Owner: postgres
--

CREATE TABLE public.core_projectobject_responsible_persons (
    id bigint NOT NULL,
    projectobject_id bigint NOT NULL,
    person_id bigint NOT NULL
);


ALTER TABLE public.core_projectobject_responsible_persons OWNER TO postgres;

--
-- Name: core_projectobject_responsible_persons_id_seq; Type: SEQUENCE; Schema: public; Owner: postgres
--

ALTER TABLE public.core_projectobject_responsible_persons ALTER COLUMN id ADD GENERATED BY DEFAULT AS IDENTITY (
    SEQUENCE NAME public.core_projectobject_responsible_persons_id_seq
    START WITH 1
    INCREMENT BY 1
    NO MINVALUE
    NO MAXVALUE
    CACHE 1
);


--
-- Name: core_projectobjectdatapoint; Type: TABLE; Schema: public; Owner: postgres
--

CREATE TABLE public.core_projectobjectdatapoint (
    id bigint NOT NULL,
    value double precision NOT NULL,
    created_at timestamp with time zone NOT NULL,
    data_point_id bigint NOT NULL,
    project_object_id bigint NOT NULL
);


ALTER TABLE public.core_projectobjectdatapoint OWNER TO postgres;

--
-- Name: core_projectobjectdatapoint_id_seq; Type: SEQUENCE; Schema: public; Owner: postgres
--

ALTER TABLE public.core_projectobjectdatapoint ALTER COLUMN id ADD GENERATED BY DEFAULT AS IDENTITY (
    SEQUENCE NAME public.core_projectobjectdatapoint_id_seq
    START WITH 1
    INCREMENT BY 1
    NO MINVALUE
    NO MAXVALUE
    CACHE 1
);


--
-- Name: django_admin_log; Type: TABLE; Schema: public; Owner: postgres
--

CREATE TABLE public.django_admin_log (
    id integer NOT NULL,
    action_time timestamp with time zone NOT NULL,
    object_id text,
    object_repr character varying(200) NOT NULL,
    action_flag smallint NOT NULL,
    change_message text NOT NULL,
    content_type_id integer,
    user_id integer NOT NULL,
    CONSTRAINT django_admin_log_action_flag_check CHECK ((action_flag >= 0))
);


ALTER TABLE public.django_admin_log OWNER TO postgres;

--
-- Name: django_admin_log_id_seq; Type: SEQUENCE; Schema: public; Owner: postgres
--

ALTER TABLE public.django_admin_log ALTER COLUMN id ADD GENERATED BY DEFAULT AS IDENTITY (
    SEQUENCE NAME public.django_admin_log_id_seq
    START WITH 1
    INCREMENT BY 1
    NO MINVALUE
    NO MAXVALUE
    CACHE 1
);


--
-- Name: django_content_type; Type: TABLE; Schema: public; Owner: postgres
--

CREATE TABLE public.django_content_type (
    id integer NOT NULL,
    app_label character varying(100) NOT NULL,
    model character varying(100) NOT NULL
);


ALTER TABLE public.django_content_type OWNER TO postgres;

--
-- Name: django_content_type_id_seq; Type: SEQUENCE; Schema: public; Owner: postgres
--

ALTER TABLE public.django_content_type ALTER COLUMN id ADD GENERATED BY DEFAULT AS IDENTITY (
    SEQUENCE NAME public.django_content_type_id_seq
    START WITH 1
    INCREMENT BY 1
    NO MINVALUE
    NO MAXVALUE
    CACHE 1
);


--
-- Name: django_migrations; Type: TABLE; Schema: public; Owner: postgres
--

CREATE TABLE public.django_migrations (
    id bigint NOT NULL,
    app character varying(255) NOT NULL,
    name character varying(255) NOT NULL,
    applied timestamp with time zone NOT NULL
);


ALTER TABLE public.django_migrations OWNER TO postgres;

--
-- Name: django_migrations_id_seq; Type: SEQUENCE; Schema: public; Owner: postgres
--

ALTER TABLE public.django_migrations ALTER COLUMN id ADD GENERATED BY DEFAULT AS IDENTITY (
    SEQUENCE NAME public.django_migrations_id_seq
    START WITH 1
    INCREMENT BY 1
    NO MINVALUE
    NO MAXVALUE
    CACHE 1
);


--
-- Name: django_session; Type: TABLE; Schema: public; Owner: postgres
--

CREATE TABLE public.django_session (
    session_key character varying(40) NOT NULL,
    session_data text NOT NULL,
    expire_date timestamp with time zone NOT NULL
);


ALTER TABLE public.django_session OWNER TO postgres;

--
-- Data for Name: auth_group; Type: TABLE DATA; Schema: public; Owner: postgres
--

COPY public.auth_group (id, name) FROM stdin;
\.


--
-- Data for Name: auth_group_permissions; Type: TABLE DATA; Schema: public; Owner: postgres
--

COPY public.auth_group_permissions (id, group_id, permission_id) FROM stdin;
\.


--
-- Data for Name: auth_permission; Type: TABLE DATA; Schema: public; Owner: postgres
--

COPY public.auth_permission (id, name, content_type_id, codename) FROM stdin;
1	Can add client	1	add_client
2	Can change client	1	change_client
3	Can delete client	1	delete_client
4	Can view client	1	view_client
5	Can add data point	2	add_datapoint
6	Can change data point	2	change_datapoint
7	Can delete data point	2	delete_datapoint
8	Can view data point	2	view_datapoint
9	Can add person	3	add_person
10	Can change person	3	change_person
11	Can delete person	3	delete_person
12	Can view person	3	view_person
13	Can add project	4	add_project
14	Can change project	4	change_project
15	Can delete project	4	delete_project
16	Can view project	4	view_project
17	Can add Object	5	add_projectobject
18	Can change Object	5	change_projectobject
19	Can delete Object	5	delete_projectobject
20	Can view Object	5	view_projectobject
21	Can add Object Data Point	6	add_projectobjectdatapoint
22	Can change Object Data Point	6	change_projectobjectdatapoint
23	Can delete Object Data Point	6	delete_projectobjectdatapoint
24	Can view Object Data Point	6	view_projectobjectdatapoint
25	Can add log entry	7	add_logentry
26	Can change log entry	7	change_logentry
27	Can delete log entry	7	delete_logentry
28	Can view log entry	7	view_logentry
29	Can add permission	8	add_permission
30	Can change permission	8	change_permission
31	Can delete permission	8	delete_permission
32	Can view permission	8	view_permission
33	Can add group	9	add_group
34	Can change group	9	change_group
35	Can delete group	9	delete_group
36	Can view group	9	view_group
37	Can add user	10	add_user
38	Can change user	10	change_user
39	Can delete user	10	delete_user
40	Can view user	10	view_user
41	Can add content type	11	add_contenttype
42	Can change content type	11	change_contenttype
43	Can delete content type	11	delete_contenttype
44	Can view content type	11	view_contenttype
45	Can add session	12	add_session
46	Can change session	12	change_session
47	Can delete session	12	delete_session
48	Can view session	12	view_session
\.


--
-- Data for Name: auth_user; Type: TABLE DATA; Schema: public; Owner: postgres
--

COPY public.auth_user (id, password, last_login, is_superuser, username, first_name, last_name, email, is_staff, is_active, date_joined) FROM stdin;
1	pbkdf2_sha256$600000$Eci5UzlOSnqfjSFLBrTYaP$4RaeQ2RjPJVDwZxfeTVpE6nfBhikO4aUWlwxBTGpUQE=	2025-05-05 11:30:43.212924+00	t	admin				t	t	2025-05-05 11:30:37.284515+00
2	pbkdf2_sha256$600000$e1wrSHEtW3bIO5SblnBJXm$0a9gb/qPalEIwuAZoBY3Hbww0+FUQKo9ooflolcMFmY=	\N	f	avots				f	t	2025-05-05 11:32:49+00
4	pbkdf2_sha256$600000$EiKiWRMSTcWEUTx9dOKHX3$oqEf+yroBiADu2aFdKKPjgZW6ZbQWMG+jqmd78AA82E=	\N	f	ferma				f	t	2025-05-05 11:33:17+00
3	pbkdf2_sha256$600000$1q8sZlIg11VAto43wZ8nPA$4snulP4WSGIMcSdXLXRFvhfhy8GO+V9JfGd13e/iqhQ=	\N	f	figura				f	t	2025-05-05 11:33:02+00
\.


--
-- Data for Name: auth_user_groups; Type: TABLE DATA; Schema: public; Owner: postgres
--

COPY public.auth_user_groups (id, user_id, group_id) FROM stdin;
\.


--
-- Data for Name: auth_user_user_permissions; Type: TABLE DATA; Schema: public; Owner: postgres
--

COPY public.auth_user_user_permissions (id, user_id, permission_id) FROM stdin;
\.


--
-- Data for Name: core_client; Type: TABLE DATA; Schema: public; Owner: postgres
--

COPY public.core_client (id, created_at, user_id) FROM stdin;
1	2025-05-05 11:33:44.14901+00	2
2	2025-05-05 11:33:48.068623+00	4
3	2025-05-05 11:33:51.572161+00	3
\.


--
-- Data for Name: core_datapoint; Type: TABLE DATA; Schema: public; Owner: postgres
--

COPY public.core_datapoint (id, label, created_at) FROM stdin;
1	Temperature	2025-05-05 11:34:46.616725+00
2	CO2	2025-05-05 11:34:50.250836+00
3	Humidity	2025-05-05 11:34:54.467913+00
4	Electricity	2025-05-05 11:35:01.723841+00
\.


--
-- Data for Name: core_person; Type: TABLE DATA; Schema: public; Owner: postgres
--

COPY public.core_person (id, first_name, last_name, created_at) FROM stdin;
1	Aivars	Ozols	2025-05-05 11:35:43.817463+00
2	Janis	Rensis	2025-05-05 11:35:57.52091+00
3	Harijs	Atbildigais	2025-05-05 11:37:36.958595+00
4	Harijs	Verotajs	2025-05-05 11:37:48.969087+00
5	Garijs	Cirulis	2025-05-05 11:39:56.255185+00
\.


--
-- Data for Name: core_project; Type: TABLE DATA; Schema: public; Owner: postgres
--

COPY public.core_project (id, label, created_at, client_id) FROM stdin;
1	SIA Avots	2025-05-05 11:34:13.693351+00	1
2	SIA Figura	2025-05-05 11:34:23.184718+00	3
3	A/S Ferma	2025-05-05 11:34:32.926549+00	2
\.


--
-- Data for Name: core_projectobject; Type: TABLE DATA; Schema: public; Owner: postgres
--

COPY public.core_projectobject (id, label, created_at, project_id) FROM stdin;
1	Aglonas street 21	2025-05-05 11:36:10.418819+00	1
2	Vairogu street 45	2025-05-05 11:36:42.100849+00	1
3	Hospitalu street 77	2025-05-05 11:37:08.535603+00	1
4	Gremzdes street 33	2025-05-05 11:39:35.824406+00	2
5	Cirulisi	2025-05-05 11:40:01.646956+00	3
6	Caunes	2025-05-05 11:40:12.648664+00	3
\.


--
-- Data for Name: core_projectobject_data_points; Type: TABLE DATA; Schema: public; Owner: postgres
--

COPY public.core_projectobject_data_points (id, projectobject_id, datapoint_id) FROM stdin;
1	1	1
2	1	2
3	1	3
4	2	1
5	2	3
6	2	4
7	3	1
8	3	2
9	3	3
10	4	1
11	4	2
12	4	3
13	5	1
14	5	2
15	5	3
16	5	4
17	6	1
18	6	2
19	6	3
20	6	4
\.


--
-- Data for Name: core_projectobject_responsible_persons; Type: TABLE DATA; Schema: public; Owner: postgres
--

COPY public.core_projectobject_responsible_persons (id, projectobject_id, person_id) FROM stdin;
1	1	1
2	1	2
3	2	1
4	3	1
5	3	2
6	4	3
7	4	4
8	5	5
9	6	5
\.


--
-- Data for Name: core_projectobjectdatapoint; Type: TABLE DATA; Schema: public; Owner: postgres
--

COPY public.core_projectobjectdatapoint (id, value, created_at, data_point_id, project_object_id) FROM stdin;
\.


--
-- Data for Name: django_admin_log; Type: TABLE DATA; Schema: public; Owner: postgres
--

COPY public.django_admin_log (id, action_time, object_id, object_repr, action_flag, change_message, content_type_id, user_id) FROM stdin;
1	2025-05-05 11:33:27.709143+00	2	avots	2	[{"changed": {"fields": ["Staff status", "Superuser status"]}}]	10	1
2	2025-05-05 11:33:31.983801+00	4	ferma	2	[{"changed": {"fields": ["Staff status", "Superuser status"]}}]	10	1
3	2025-05-05 11:33:37.918169+00	3	figura	2	[{"changed": {"fields": ["Staff status", "Superuser status"]}}]	10	1
4	2025-05-05 11:33:44.149653+00	1	avots	1	[{"added": {}}]	1	1
5	2025-05-05 11:33:48.069123+00	2	ferma	1	[{"added": {}}]	1	1
6	2025-05-05 11:33:51.572655+00	3	figura	1	[{"added": {}}]	1	1
7	2025-05-05 11:34:13.694225+00	1	SIA Avots	1	[{"added": {}}]	4	1
8	2025-05-05 11:34:23.185397+00	2	SIA Figura	1	[{"added": {}}]	4	1
9	2025-05-05 11:34:32.927195+00	3	A/S Ferma	1	[{"added": {}}]	4	1
10	2025-05-05 11:34:46.617478+00	1	Temperature	1	[{"added": {}}]	2	1
11	2025-05-05 11:34:50.251544+00	2	CO2	1	[{"added": {}}]	2	1
12	2025-05-05 11:34:54.469097+00	3	Humidity	1	[{"added": {}}]	2	1
13	2025-05-05 11:35:01.724503+00	4	Electricity	1	[{"added": {}}]	2	1
14	2025-05-05 11:35:43.818412+00	1	Aivars Ozols	1	[{"added": {}}]	3	1
15	2025-05-05 11:35:57.521617+00	2	Janis Rensis	1	[{"added": {}}]	3	1
16	2025-05-05 11:36:10.423197+00	1	Aglonas street 21	1	[{"added": {}}]	5	1
17	2025-05-05 11:36:42.104294+00	2	Vairogu street 45	1	[{"added": {}}]	5	1
18	2025-05-05 11:37:08.538932+00	3	Hospitalu street 77	1	[{"added": {}}]	5	1
19	2025-05-05 11:37:36.959414+00	3	Harijs Atbildigais	1	[{"added": {}}]	3	1
20	2025-05-05 11:37:48.969849+00	4	Harijs Verotajs	1	[{"added": {}}]	3	1
21	2025-05-05 11:39:35.827512+00	4	Gremzdes street 33	1	[{"added": {}}]	5	1
22	2025-05-05 11:39:56.255918+00	5	Garijs Cirulis	1	[{"added": {}}]	3	1
23	2025-05-05 11:40:01.650065+00	5	Cirulisi	1	[{"added": {}}]	5	1
24	2025-05-05 11:40:12.651715+00	6	Caunes	1	[{"added": {}}]	5	1
\.


--
-- Data for Name: django_content_type; Type: TABLE DATA; Schema: public; Owner: postgres
--

COPY public.django_content_type (id, app_label, model) FROM stdin;
1	core	client
2	core	datapoint
3	core	person
4	core	project
5	core	projectobject
6	core	projectobjectdatapoint
7	admin	logentry
8	auth	permission
9	auth	group
10	auth	user
11	contenttypes	contenttype
12	sessions	session
\.


--
-- Data for Name: django_migrations; Type: TABLE DATA; Schema: public; Owner: postgres
--

COPY public.django_migrations (id, app, name, applied) FROM stdin;
1	contenttypes	0001_initial	2025-05-05 11:30:19.177128+00
2	auth	0001_initial	2025-05-05 11:30:19.223503+00
3	admin	0001_initial	2025-05-05 11:30:19.237225+00
4	admin	0002_logentry_remove_auto_add	2025-05-05 11:30:19.241788+00
5	admin	0003_logentry_add_action_flag_choices	2025-05-05 11:30:19.245878+00
6	contenttypes	0002_remove_content_type_name	2025-05-05 11:30:19.25438+00
7	auth	0002_alter_permission_name_max_length	2025-05-05 11:30:19.259211+00
8	auth	0003_alter_user_email_max_length	2025-05-05 11:30:19.263257+00
9	auth	0004_alter_user_username_opts	2025-05-05 11:30:19.267156+00
10	auth	0005_alter_user_last_login_null	2025-05-05 11:30:19.271082+00
11	auth	0006_require_contenttypes_0002	2025-05-05 11:30:19.272841+00
12	auth	0007_alter_validators_add_error_messages	2025-05-05 11:30:19.277152+00
13	auth	0008_alter_user_username_max_length	2025-05-05 11:30:19.284945+00
14	auth	0009_alter_user_last_name_max_length	2025-05-05 11:30:19.289666+00
15	auth	0010_alter_group_name_max_length	2025-05-05 11:30:19.295515+00
16	auth	0011_update_proxy_permissions	2025-05-05 11:30:19.300435+00
17	auth	0012_alter_user_first_name_max_length	2025-05-05 11:30:19.306064+00
18	core	0001_initial	2025-05-05 11:30:19.364275+00
19	sessions	0001_initial	2025-05-05 11:30:19.372851+00
\.


--
-- Data for Name: django_session; Type: TABLE DATA; Schema: public; Owner: postgres
--

COPY public.django_session (session_key, session_data, expire_date) FROM stdin;
sv0nxr7dmxag1nn99ynchh9vapl5idl1	.eJxVjDkOwjAUBe_iGln5zmKbkp4zRH8zCSBbipMKcXeIlALaNzPvZUbc1mncqi7jLOZswJx-N0J-aN6B3DHfiuWS12Umuyv2oNVei-jzcrh_BxPW6Vsnx4GFHKCohKYH6lzvhHBgCQ5Sk0LrY2wjdTS0kGhg74U5ag_oQc37AwJiOI8:1uBu1z:Oaz68Qq6-0unoY8tSm_3L-ruZ_j4v38jgdk0xEkxwXQ	2025-05-19 11:30:43.214384+00
\.


--
-- Name: auth_group_id_seq; Type: SEQUENCE SET; Schema: public; Owner: postgres
--

SELECT pg_catalog.setval('public.auth_group_id_seq', 1, false);


--
-- Name: auth_group_permissions_id_seq; Type: SEQUENCE SET; Schema: public; Owner: postgres
--

SELECT pg_catalog.setval('public.auth_group_permissions_id_seq', 1, false);


--
-- Name: auth_permission_id_seq; Type: SEQUENCE SET; Schema: public; Owner: postgres
--

SELECT pg_catalog.setval('public.auth_permission_id_seq', 48, true);


--
-- Name: auth_user_groups_id_seq; Type: SEQUENCE SET; Schema: public; Owner: postgres
--

SELECT pg_catalog.setval('public.auth_user_groups_id_seq', 1, false);


--
-- Name: auth_user_id_seq; Type: SEQUENCE SET; Schema: public; Owner: postgres
--

SELECT pg_catalog.setval('public.auth_user_id_seq', 4, true);


--
-- Name: auth_user_user_permissions_id_seq; Type: SEQUENCE SET; Schema: public; Owner: postgres
--

SELECT pg_catalog.setval('public.auth_user_user_permissions_id_seq', 1, false);


--
-- Name: core_client_id_seq; Type: SEQUENCE SET; Schema: public; Owner: postgres
--

SELECT pg_catalog.setval('public.core_client_id_seq', 3, true);


--
-- Name: core_datapoint_id_seq; Type: SEQUENCE SET; Schema: public; Owner: postgres
--

SELECT pg_catalog.setval('public.core_datapoint_id_seq', 4, true);


--
-- Name: core_person_id_seq; Type: SEQUENCE SET; Schema: public; Owner: postgres
--

SELECT pg_catalog.setval('public.core_person_id_seq', 5, true);


--
-- Name: core_project_id_seq; Type: SEQUENCE SET; Schema: public; Owner: postgres
--

SELECT pg_catalog.setval('public.core_project_id_seq', 3, true);


--
-- Name: core_projectobject_data_points_id_seq; Type: SEQUENCE SET; Schema: public; Owner: postgres
--

SELECT pg_catalog.setval('public.core_projectobject_data_points_id_seq', 20, true);


--
-- Name: core_projectobject_id_seq; Type: SEQUENCE SET; Schema: public; Owner: postgres
--

SELECT pg_catalog.setval('public.core_projectobject_id_seq', 6, true);


--
-- Name: core_projectobject_responsible_persons_id_seq; Type: SEQUENCE SET; Schema: public; Owner: postgres
--

SELECT pg_catalog.setval('public.core_projectobject_responsible_persons_id_seq', 9, true);


--
-- Name: core_projectobjectdatapoint_id_seq; Type: SEQUENCE SET; Schema: public; Owner: postgres
--

SELECT pg_catalog.setval('public.core_projectobjectdatapoint_id_seq', 1, false);


--
-- Name: django_admin_log_id_seq; Type: SEQUENCE SET; Schema: public; Owner: postgres
--

SELECT pg_catalog.setval('public.django_admin_log_id_seq', 24, true);


--
-- Name: django_content_type_id_seq; Type: SEQUENCE SET; Schema: public; Owner: postgres
--

SELECT pg_catalog.setval('public.django_content_type_id_seq', 12, true);


--
-- Name: django_migrations_id_seq; Type: SEQUENCE SET; Schema: public; Owner: postgres
--

SELECT pg_catalog.setval('public.django_migrations_id_seq', 19, true);


--
-- Name: auth_group auth_group_name_key; Type: CONSTRAINT; Schema: public; Owner: postgres
--

ALTER TABLE ONLY public.auth_group
    ADD CONSTRAINT auth_group_name_key UNIQUE (name);


--
-- Name: auth_group_permissions auth_group_permissions_group_id_permission_id_0cd325b0_uniq; Type: CONSTRAINT; Schema: public; Owner: postgres
--

ALTER TABLE ONLY public.auth_group_permissions
    ADD CONSTRAINT auth_group_permissions_group_id_permission_id_0cd325b0_uniq UNIQUE (group_id, permission_id);


--
-- Name: auth_group_permissions auth_group_permissions_pkey; Type: CONSTRAINT; Schema: public; Owner: postgres
--

ALTER TABLE ONLY public.auth_group_permissions
    ADD CONSTRAINT auth_group_permissions_pkey PRIMARY KEY (id);


--
-- Name: auth_group auth_group_pkey; Type: CONSTRAINT; Schema: public; Owner: postgres
--

ALTER TABLE ONLY public.auth_group
    ADD CONSTRAINT auth_group_pkey PRIMARY KEY (id);


--
-- Name: auth_permission auth_permission_content_type_id_codename_01ab375a_uniq; Type: CONSTRAINT; Schema: public; Owner: postgres
--

ALTER TABLE ONLY public.auth_permission
    ADD CONSTRAINT auth_permission_content_type_id_codename_01ab375a_uniq UNIQUE (content_type_id, codename);


--
-- Name: auth_permission auth_permission_pkey; Type: CONSTRAINT; Schema: public; Owner: postgres
--

ALTER TABLE ONLY public.auth_permission
    ADD CONSTRAINT auth_permission_pkey PRIMARY KEY (id);


--
-- Name: auth_user_groups auth_user_groups_pkey; Type: CONSTRAINT; Schema: public; Owner: postgres
--

ALTER TABLE ONLY public.auth_user_groups
    ADD CONSTRAINT auth_user_groups_pkey PRIMARY KEY (id);


--
-- Name: auth_user_groups auth_user_groups_user_id_group_id_94350c0c_uniq; Type: CONSTRAINT; Schema: public; Owner: postgres
--

ALTER TABLE ONLY public.auth_user_groups
    ADD CONSTRAINT auth_user_groups_user_id_group_id_94350c0c_uniq UNIQUE (user_id, group_id);


--
-- Name: auth_user auth_user_pkey; Type: CONSTRAINT; Schema: public; Owner: postgres
--

ALTER TABLE ONLY public.auth_user
    ADD CONSTRAINT auth_user_pkey PRIMARY KEY (id);


--
-- Name: auth_user_user_permissions auth_user_user_permissions_pkey; Type: CONSTRAINT; Schema: public; Owner: postgres
--

ALTER TABLE ONLY public.auth_user_user_permissions
    ADD CONSTRAINT auth_user_user_permissions_pkey PRIMARY KEY (id);


--
-- Name: auth_user_user_permissions auth_user_user_permissions_user_id_permission_id_14a6b632_uniq; Type: CONSTRAINT; Schema: public; Owner: postgres
--

ALTER TABLE ONLY public.auth_user_user_permissions
    ADD CONSTRAINT auth_user_user_permissions_user_id_permission_id_14a6b632_uniq UNIQUE (user_id, permission_id);


--
-- Name: auth_user auth_user_username_key; Type: CONSTRAINT; Schema: public; Owner: postgres
--

ALTER TABLE ONLY public.auth_user
    ADD CONSTRAINT auth_user_username_key UNIQUE (username);


--
-- Name: core_client core_client_pkey; Type: CONSTRAINT; Schema: public; Owner: postgres
--

ALTER TABLE ONLY public.core_client
    ADD CONSTRAINT core_client_pkey PRIMARY KEY (id);


--
-- Name: core_client core_client_user_id_key; Type: CONSTRAINT; Schema: public; Owner: postgres
--

ALTER TABLE ONLY public.core_client
    ADD CONSTRAINT core_client_user_id_key UNIQUE (user_id);


--
-- Name: core_datapoint core_datapoint_pkey; Type: CONSTRAINT; Schema: public; Owner: postgres
--

ALTER TABLE ONLY public.core_datapoint
    ADD CONSTRAINT core_datapoint_pkey PRIMARY KEY (id);


--
-- Name: core_person core_person_pkey; Type: CONSTRAINT; Schema: public; Owner: postgres
--

ALTER TABLE ONLY public.core_person
    ADD CONSTRAINT core_person_pkey PRIMARY KEY (id);


--
-- Name: core_project core_project_pkey; Type: CONSTRAINT; Schema: public; Owner: postgres
--

ALTER TABLE ONLY public.core_project
    ADD CONSTRAINT core_project_pkey PRIMARY KEY (id);


--
-- Name: core_projectobject_data_points core_projectobject_data__projectobject_id_datapoi_406fde6c_uniq; Type: CONSTRAINT; Schema: public; Owner: postgres
--

ALTER TABLE ONLY public.core_projectobject_data_points
    ADD CONSTRAINT core_projectobject_data__projectobject_id_datapoi_406fde6c_uniq UNIQUE (projectobject_id, datapoint_id);


--
-- Name: core_projectobject_data_points core_projectobject_data_points_pkey; Type: CONSTRAINT; Schema: public; Owner: postgres
--

ALTER TABLE ONLY public.core_projectobject_data_points
    ADD CONSTRAINT core_projectobject_data_points_pkey PRIMARY KEY (id);


--
-- Name: core_projectobject core_projectobject_pkey; Type: CONSTRAINT; Schema: public; Owner: postgres
--

ALTER TABLE ONLY public.core_projectobject
    ADD CONSTRAINT core_projectobject_pkey PRIMARY KEY (id);


--
-- Name: core_projectobject_responsible_persons core_projectobject_respo_projectobject_id_person__1a6e02a3_uniq; Type: CONSTRAINT; Schema: public; Owner: postgres
--

ALTER TABLE ONLY public.core_projectobject_responsible_persons
    ADD CONSTRAINT core_projectobject_respo_projectobject_id_person__1a6e02a3_uniq UNIQUE (projectobject_id, person_id);


--
-- Name: core_projectobject_responsible_persons core_projectobject_responsible_persons_pkey; Type: CONSTRAINT; Schema: public; Owner: postgres
--

ALTER TABLE ONLY public.core_projectobject_responsible_persons
    ADD CONSTRAINT core_projectobject_responsible_persons_pkey PRIMARY KEY (id);


--
-- Name: core_projectobjectdatapoint core_projectobjectdatapoint_pkey; Type: CONSTRAINT; Schema: public; Owner: postgres
--

ALTER TABLE ONLY public.core_projectobjectdatapoint
    ADD CONSTRAINT core_projectobjectdatapoint_pkey PRIMARY KEY (id);


--
-- Name: django_admin_log django_admin_log_pkey; Type: CONSTRAINT; Schema: public; Owner: postgres
--

ALTER TABLE ONLY public.django_admin_log
    ADD CONSTRAINT django_admin_log_pkey PRIMARY KEY (id);


--
-- Name: django_content_type django_content_type_app_label_model_76bd3d3b_uniq; Type: CONSTRAINT; Schema: public; Owner: postgres
--

ALTER TABLE ONLY public.django_content_type
    ADD CONSTRAINT django_content_type_app_label_model_76bd3d3b_uniq UNIQUE (app_label, model);


--
-- Name: django_content_type django_content_type_pkey; Type: CONSTRAINT; Schema: public; Owner: postgres
--

ALTER TABLE ONLY public.django_content_type
    ADD CONSTRAINT django_content_type_pkey PRIMARY KEY (id);


--
-- Name: django_migrations django_migrations_pkey; Type: CONSTRAINT; Schema: public; Owner: postgres
--

ALTER TABLE ONLY public.django_migrations
    ADD CONSTRAINT django_migrations_pkey PRIMARY KEY (id);


--
-- Name: django_session django_session_pkey; Type: CONSTRAINT; Schema: public; Owner: postgres
--

ALTER TABLE ONLY public.django_session
    ADD CONSTRAINT django_session_pkey PRIMARY KEY (session_key);


--
-- Name: auth_group_name_a6ea08ec_like; Type: INDEX; Schema: public; Owner: postgres
--

CREATE INDEX auth_group_name_a6ea08ec_like ON public.auth_group USING btree (name varchar_pattern_ops);


--
-- Name: auth_group_permissions_group_id_b120cbf9; Type: INDEX; Schema: public; Owner: postgres
--

CREATE INDEX auth_group_permissions_group_id_b120cbf9 ON public.auth_group_permissions USING btree (group_id);


--
-- Name: auth_group_permissions_permission_id_84c5c92e; Type: INDEX; Schema: public; Owner: postgres
--

CREATE INDEX auth_group_permissions_permission_id_84c5c92e ON public.auth_group_permissions USING btree (permission_id);


--
-- Name: auth_permission_content_type_id_2f476e4b; Type: INDEX; Schema: public; Owner: postgres
--

CREATE INDEX auth_permission_content_type_id_2f476e4b ON public.auth_permission USING btree (content_type_id);


--
-- Name: auth_user_groups_group_id_97559544; Type: INDEX; Schema: public; Owner: postgres
--

CREATE INDEX auth_user_groups_group_id_97559544 ON public.auth_user_groups USING btree (group_id);


--
-- Name: auth_user_groups_user_id_6a12ed8b; Type: INDEX; Schema: public; Owner: postgres
--

CREATE INDEX auth_user_groups_user_id_6a12ed8b ON public.auth_user_groups USING btree (user_id);


--
-- Name: auth_user_user_permissions_permission_id_1fbb5f2c; Type: INDEX; Schema: public; Owner: postgres
--

CREATE INDEX auth_user_user_permissions_permission_id_1fbb5f2c ON public.auth_user_user_permissions USING btree (permission_id);


--
-- Name: auth_user_user_permissions_user_id_a95ead1b; Type: INDEX; Schema: public; Owner: postgres
--

CREATE INDEX auth_user_user_permissions_user_id_a95ead1b ON public.auth_user_user_permissions USING btree (user_id);


--
-- Name: auth_user_username_6821ab7c_like; Type: INDEX; Schema: public; Owner: postgres
--

CREATE INDEX auth_user_username_6821ab7c_like ON public.auth_user USING btree (username varchar_pattern_ops);


--
-- Name: core_project_client_id_4ba9e455; Type: INDEX; Schema: public; Owner: postgres
--

CREATE INDEX core_project_client_id_4ba9e455 ON public.core_project USING btree (client_id);


--
-- Name: core_projectobject_data_points_datapoint_id_8f8e6433; Type: INDEX; Schema: public; Owner: postgres
--

CREATE INDEX core_projectobject_data_points_datapoint_id_8f8e6433 ON public.core_projectobject_data_points USING btree (datapoint_id);


--
-- Name: core_projectobject_data_points_projectobject_id_10a9f7ca; Type: INDEX; Schema: public; Owner: postgres
--

CREATE INDEX core_projectobject_data_points_projectobject_id_10a9f7ca ON public.core_projectobject_data_points USING btree (projectobject_id);


--
-- Name: core_projectobject_project_id_29b148f6; Type: INDEX; Schema: public; Owner: postgres
--

CREATE INDEX core_projectobject_project_id_29b148f6 ON public.core_projectobject USING btree (project_id);


--
-- Name: core_projectobject_respons_projectobject_id_00848b50; Type: INDEX; Schema: public; Owner: postgres
--

CREATE INDEX core_projectobject_respons_projectobject_id_00848b50 ON public.core_projectobject_responsible_persons USING btree (projectobject_id);


--
-- Name: core_projectobject_responsible_persons_person_id_163ef6b6; Type: INDEX; Schema: public; Owner: postgres
--

CREATE INDEX core_projectobject_responsible_persons_person_id_163ef6b6 ON public.core_projectobject_responsible_persons USING btree (person_id);


--
-- Name: core_projectobjectdatapoint_data_point_id_a81138e8; Type: INDEX; Schema: public; Owner: postgres
--

CREATE INDEX core_projectobjectdatapoint_data_point_id_a81138e8 ON public.core_projectobjectdatapoint USING btree (data_point_id);


--
-- Name: core_projectobjectdatapoint_project_object_id_cfb55fb8; Type: INDEX; Schema: public; Owner: postgres
--

CREATE INDEX core_projectobjectdatapoint_project_object_id_cfb55fb8 ON public.core_projectobjectdatapoint USING btree (project_object_id);


--
-- Name: django_admin_log_content_type_id_c4bce8eb; Type: INDEX; Schema: public; Owner: postgres
--

CREATE INDEX django_admin_log_content_type_id_c4bce8eb ON public.django_admin_log USING btree (content_type_id);


--
-- Name: django_admin_log_user_id_c564eba6; Type: INDEX; Schema: public; Owner: postgres
--

CREATE INDEX django_admin_log_user_id_c564eba6 ON public.django_admin_log USING btree (user_id);


--
-- Name: django_session_expire_date_a5c62663; Type: INDEX; Schema: public; Owner: postgres
--

CREATE INDEX django_session_expire_date_a5c62663 ON public.django_session USING btree (expire_date);


--
-- Name: django_session_session_key_c0390e0f_like; Type: INDEX; Schema: public; Owner: postgres
--

CREATE INDEX django_session_session_key_c0390e0f_like ON public.django_session USING btree (session_key varchar_pattern_ops);


--
-- Name: auth_group_permissions auth_group_permissio_permission_id_84c5c92e_fk_auth_perm; Type: FK CONSTRAINT; Schema: public; Owner: postgres
--

ALTER TABLE ONLY public.auth_group_permissions
    ADD CONSTRAINT auth_group_permissio_permission_id_84c5c92e_fk_auth_perm FOREIGN KEY (permission_id) REFERENCES public.auth_permission(id) DEFERRABLE INITIALLY DEFERRED;


--
-- Name: auth_group_permissions auth_group_permissions_group_id_b120cbf9_fk_auth_group_id; Type: FK CONSTRAINT; Schema: public; Owner: postgres
--

ALTER TABLE ONLY public.auth_group_permissions
    ADD CONSTRAINT auth_group_permissions_group_id_b120cbf9_fk_auth_group_id FOREIGN KEY (group_id) REFERENCES public.auth_group(id) DEFERRABLE INITIALLY DEFERRED;


--
-- Name: auth_permission auth_permission_content_type_id_2f476e4b_fk_django_co; Type: FK CONSTRAINT; Schema: public; Owner: postgres
--

ALTER TABLE ONLY public.auth_permission
    ADD CONSTRAINT auth_permission_content_type_id_2f476e4b_fk_django_co FOREIGN KEY (content_type_id) REFERENCES public.django_content_type(id) DEFERRABLE INITIALLY DEFERRED;


--
-- Name: auth_user_groups auth_user_groups_group_id_97559544_fk_auth_group_id; Type: FK CONSTRAINT; Schema: public; Owner: postgres
--

ALTER TABLE ONLY public.auth_user_groups
    ADD CONSTRAINT auth_user_groups_group_id_97559544_fk_auth_group_id FOREIGN KEY (group_id) REFERENCES public.auth_group(id) DEFERRABLE INITIALLY DEFERRED;


--
-- Name: auth_user_groups auth_user_groups_user_id_6a12ed8b_fk_auth_user_id; Type: FK CONSTRAINT; Schema: public; Owner: postgres
--

ALTER TABLE ONLY public.auth_user_groups
    ADD CONSTRAINT auth_user_groups_user_id_6a12ed8b_fk_auth_user_id FOREIGN KEY (user_id) REFERENCES public.auth_user(id) DEFERRABLE INITIALLY DEFERRED;


--
-- Name: auth_user_user_permissions auth_user_user_permi_permission_id_1fbb5f2c_fk_auth_perm; Type: FK CONSTRAINT; Schema: public; Owner: postgres
--

ALTER TABLE ONLY public.auth_user_user_permissions
    ADD CONSTRAINT auth_user_user_permi_permission_id_1fbb5f2c_fk_auth_perm FOREIGN KEY (permission_id) REFERENCES public.auth_permission(id) DEFERRABLE INITIALLY DEFERRED;


--
-- Name: auth_user_user_permissions auth_user_user_permissions_user_id_a95ead1b_fk_auth_user_id; Type: FK CONSTRAINT; Schema: public; Owner: postgres
--

ALTER TABLE ONLY public.auth_user_user_permissions
    ADD CONSTRAINT auth_user_user_permissions_user_id_a95ead1b_fk_auth_user_id FOREIGN KEY (user_id) REFERENCES public.auth_user(id) DEFERRABLE INITIALLY DEFERRED;


--
-- Name: core_client core_client_user_id_49f31882_fk_auth_user_id; Type: FK CONSTRAINT; Schema: public; Owner: postgres
--

ALTER TABLE ONLY public.core_client
    ADD CONSTRAINT core_client_user_id_49f31882_fk_auth_user_id FOREIGN KEY (user_id) REFERENCES public.auth_user(id) DEFERRABLE INITIALLY DEFERRED;


--
-- Name: core_project core_project_client_id_4ba9e455_fk_core_client_id; Type: FK CONSTRAINT; Schema: public; Owner: postgres
--

ALTER TABLE ONLY public.core_project
    ADD CONSTRAINT core_project_client_id_4ba9e455_fk_core_client_id FOREIGN KEY (client_id) REFERENCES public.core_client(id) DEFERRABLE INITIALLY DEFERRED;


--
-- Name: core_projectobject_data_points core_projectobject_d_datapoint_id_8f8e6433_fk_core_data; Type: FK CONSTRAINT; Schema: public; Owner: postgres
--

ALTER TABLE ONLY public.core_projectobject_data_points
    ADD CONSTRAINT core_projectobject_d_datapoint_id_8f8e6433_fk_core_data FOREIGN KEY (datapoint_id) REFERENCES public.core_datapoint(id) DEFERRABLE INITIALLY DEFERRED;


--
-- Name: core_projectobject_data_points core_projectobject_d_projectobject_id_10a9f7ca_fk_core_proj; Type: FK CONSTRAINT; Schema: public; Owner: postgres
--

ALTER TABLE ONLY public.core_projectobject_data_points
    ADD CONSTRAINT core_projectobject_d_projectobject_id_10a9f7ca_fk_core_proj FOREIGN KEY (projectobject_id) REFERENCES public.core_projectobject(id) DEFERRABLE INITIALLY DEFERRED;


--
-- Name: core_projectobject core_projectobject_project_id_29b148f6_fk_core_project_id; Type: FK CONSTRAINT; Schema: public; Owner: postgres
--

ALTER TABLE ONLY public.core_projectobject
    ADD CONSTRAINT core_projectobject_project_id_29b148f6_fk_core_project_id FOREIGN KEY (project_id) REFERENCES public.core_project(id) DEFERRABLE INITIALLY DEFERRED;


--
-- Name: core_projectobject_responsible_persons core_projectobject_r_person_id_163ef6b6_fk_core_pers; Type: FK CONSTRAINT; Schema: public; Owner: postgres
--

ALTER TABLE ONLY public.core_projectobject_responsible_persons
    ADD CONSTRAINT core_projectobject_r_person_id_163ef6b6_fk_core_pers FOREIGN KEY (person_id) REFERENCES public.core_person(id) DEFERRABLE INITIALLY DEFERRED;


--
-- Name: core_projectobject_responsible_persons core_projectobject_r_projectobject_id_00848b50_fk_core_proj; Type: FK CONSTRAINT; Schema: public; Owner: postgres
--

ALTER TABLE ONLY public.core_projectobject_responsible_persons
    ADD CONSTRAINT core_projectobject_r_projectobject_id_00848b50_fk_core_proj FOREIGN KEY (projectobject_id) REFERENCES public.core_projectobject(id) DEFERRABLE INITIALLY DEFERRED;


--
-- Name: core_projectobjectdatapoint core_projectobjectda_data_point_id_a81138e8_fk_core_data; Type: FK CONSTRAINT; Schema: public; Owner: postgres
--

ALTER TABLE ONLY public.core_projectobjectdatapoint
    ADD CONSTRAINT core_projectobjectda_data_point_id_a81138e8_fk_core_data FOREIGN KEY (data_point_id) REFERENCES public.core_datapoint(id) DEFERRABLE INITIALLY DEFERRED;


--
-- Name: core_projectobjectdatapoint core_projectobjectda_project_object_id_cfb55fb8_fk_core_proj; Type: FK CONSTRAINT; Schema: public; Owner: postgres
--

ALTER TABLE ONLY public.core_projectobjectdatapoint
    ADD CONSTRAINT core_projectobjectda_project_object_id_cfb55fb8_fk_core_proj FOREIGN KEY (project_object_id) REFERENCES public.core_projectobject(id) DEFERRABLE INITIALLY DEFERRED;


--
-- Name: django_admin_log django_admin_log_content_type_id_c4bce8eb_fk_django_co; Type: FK CONSTRAINT; Schema: public; Owner: postgres
--

ALTER TABLE ONLY public.django_admin_log
    ADD CONSTRAINT django_admin_log_content_type_id_c4bce8eb_fk_django_co FOREIGN KEY (content_type_id) REFERENCES public.django_content_type(id) DEFERRABLE INITIALLY DEFERRED;


--
-- Name: django_admin_log django_admin_log_user_id_c564eba6_fk_auth_user_id; Type: FK CONSTRAINT; Schema: public; Owner: postgres
--

ALTER TABLE ONLY public.django_admin_log
    ADD CONSTRAINT django_admin_log_user_id_c564eba6_fk_auth_user_id FOREIGN KEY (user_id) REFERENCES public.auth_user(id) DEFERRABLE INITIALLY DEFERRED;


--
-- PostgreSQL database dump complete
--

